Label,# Samples,Average,Min,Max,Std. Dev.,Error %,Throughput,Received KB/sec,Sent KB/sec,Avg. Bytes
GET Home Page,15131,178,9,879,82.10,0.000%,251.67160,725.96,28.51,2953.8
GET Find Owners,12764,212,11,776,91.03,0.000%,212.28047,738.58,26.33,3562.8
GET Vets Page,11696,232,11,755,95.04,0.000%,194.51513,814.11,23.74,4285.8
TOTAL,39591,205,9,879,91.79,0.000%,658.43437,2278.54,78.58,3543.6
